session_id,timestamp,iso_time,battery_percent,battery_temperature_c,is_charging,thermal_status,cpu_percent,cpu_cores,is_screen_on,is_power_save,app_state
1790612398546,1790612398746,2026-09-28T18:19:58.746,76.0,35.7,0,none,,10,1,0,foreground
1790612398546,1790612413768,2026-09-28T18:20:13.768,75.0,36.6,0,none,13.96,10,1,0,pip
1790612398546,1790612428764,2026-09-28T18:20:28.764,75.0,36.6,0,none,12.84,10,1,0,pip
1790612398546,1790612443767,2026-09-28T18:20:43.767,75.0,36.6,0,none,14.06,10,1,0,pip
1790612398546,1790612458765,2026-09-28T18:20:58.765,75.0,36.6,0,none,14.21,10,1,0,pip
1790612398546,1790612473765,2026-09-28T18:21:13.765,75.0,36.6,0,none,13.01,10,1,0,pip
1790612398546,1790612488764,2026-09-28T18:21:28.764,75.0,36.6,0,none,13.64,10,1,0,pip
1790612398546,1790612503765,2026-09-28T18:21:43.765,75.0,36.6,0,none,12.76,10,1,0,pip
1790612398546,1790612518765,2026-09-28T18:21:58.765,75.0,36.6,0,none,13.75,10,1,0,pip
1790612398546,1790612533775,2026-09-28T18:22:13.775,75.0,36.6,0,none,12.47,10,1,0,pip
1790612398546,1790612548774,2026-09-28T18:22:28.774,75.0,36.6,0,none,13.74,10,1,0,pip
1790612398546,1790612563765,2026-09-28T18:22:43.765,75.0,36.6,0,none,12.28,10,1,0,pip
1790612398546,1790612578769,2026-09-28T18:22:58.769,75.0,36.6,0,none,13.27,10,1,0,pip
1790612398546,1790612593765,2026-09-28T18:23:13.765,75.0,36.6,0,none,14.16,10,1,0,pip
1790612398546,1790612608765,2026-09-28T18:23:28.765,75.0,36.6,0,none,14.09,10,1,0,pip
1790612398546,1790612623768,2026-09-28T18:23:43.768,75.0,36.6,0,none,14.40,10,1,0,pip
1790612398546,1790612638768,2026-09-28T18:23:58.768,75.0,36.6,0,none,14.79,10,1,0,pip
1790612398546,1790612653767,2026-09-28T18:24:13.767,75.0,36.6,0,none,15.28,10,1,0,pip
1790612398546,1790612668766,2026-09-28T18:24:28.766,75.0,36.6,0,none,15.30,10,1,0,pip
1790612398546,1790612683769,2026-09-28T18:24:43.769,74.0,36.9,0,none,15.03,10,1,0,pip
1790612398546,1790612698765,2026-09-28T18:24:58.765,74.0,36.9,0,none,10.96,10,1,0,pip
1790612398546,1790612713765,2026-09-28T18:25:13.765,74.0,36.9,0,none,13.60,10,1,0,pip
1790612398546,1790612728766,2026-09-28T18:25:28.766,74.0,36.9,0,none,14.27,10,1,0,pip
1790612398546,1790612743768,2026-09-28T18:25:43.768,74.0,36.9,0,none,15.12,10,1,0,pip
1790612398546,1790612758765,2026-09-28T18:25:58.765,74.0,36.9,0,none,14.44,10,1,0,pip
1790612398546,1790612773763,2026-09-28T18:26:13.763,74.0,36.9,0,none,14.17,10,1,0,pip
1790612398546,1790612788766,2026-09-28T18:26:28.766,74.0,36.9,0,none,12.49,10,1,0,pip
1790612398546,1790612803768,2026-09-28T18:26:43.768,74.0,36.9,0,none,13.67,10,1,0,pip
1790612398546,1790612818766,2026-09-28T18:26:58.766,74.0,36.9,0,none,14.63,10,1,0,pip
1790612398546,1790612833764,2026-09-28T18:27:13.764,74.0,36.9,0,none,13.57,10,1,0,pip
1790612398546,1790612848764,2026-09-28T18:27:28.764,74.0,36.9,0,none,11.34,10,1,0,pip
1790612398546,1790612863764,2026-09-28T18:27:43.764,74.0,36.9,0,none,13.55,10,1,0,pip
1790612398546,1790612878765,2026-09-28T18:27:58.765,74.0,36.9,0,none,14.34,10,1,0,pip
1790612398546,1790612893766,2026-09-28T18:28:13.766,74.0,36.9,0,none,14.27,10,1,0,pip
1790612398546,1790612908769,2026-09-28T18:28:28.769,74.0,36.9,0,none,13.84,10,1,0,pip
1790612398546,1790612923763,2026-09-28T18:28:43.763,74.0,36.9,0,none,14.18,10,1,0,pip
1790612398546,1790612938767,2026-09-28T18:28:58.767,73.0,37.8,0,none,14.24,10,1,0,pip
1790612398546,1790612953764,2026-09-28T18:29:13.764,73.0,37.8,0,none,14.14,10,1,0,pip
1790612398546,1790612968769,2026-09-28T18:29:28.769,73.0,37.8,0,none,14.11,10,1,0,pip
1790612398546,1790612983764,2026-09-28T18:29:43.764,73.0,37.8,0,none,14.08,10,1,0,pip
1790612398546,1790612998767,2026-09-28T18:29:58.767,73.0,37.8,0,none,14.52,10,1,0,pip
1790612398546,1790613013764,2026-09-28T18:30:13.764,73.0,37.8,0,none,14.70,10,1,0,pip
1790612398546,1790613028764,2026-09-28T18:30:28.764,73.0,37.8,0,none,14.13,10,1,0,pip
1790612398546,1790613043766,2026-09-28T18:30:43.766,73.0,37.8,0,none,14.23,10,1,0,pip
1790612398546,1790613058765,2026-09-28T18:30:58.765,73.0,37.8,0,none,12.58,10,1,0,pip
1790612398546,1790613073768,2026-09-28T18:31:13.768,73.0,37.8,0,none,14.53,10,1,0,pip
1790612398546,1790613088766,2026-09-28T18:31:28.766,73.0,37.8,0,none,14.12,10,1,0,pip
1790612398546,1790613103765,2026-09-28T18:31:43.765,73.0,37.8,0,none,14.51,10,1,0,pip
1790612398546,1790613118764,2026-09-28T18:31:58.764,73.0,37.8,0,none,12.74,10,1,0,pip
1790612398546,1790613133768,2026-09-28T18:32:13.768,73.0,37.8,0,none,12.88,10,1,0,pip
1790612398546,1790613148764,2026-09-28T18:32:28.764,73.0,37.8,0,none,13.82,10,1,0,pip
1790612398546,1790613163770,2026-09-28T18:32:43.770,73.0,37.8,0,none,14.09,10,1,0,pip
1790612398546,1790613178771,2026-09-28T18:32:58.771,73.0,37.8,0,none,14.25,10,1,0,pip
1790612398546,1790613193765,2026-09-28T18:33:13.765,73.0,37.8,0,none,13.96,10,1,0,pip
1790612398546,1790613208764,2026-09-28T18:33:28.764,73.0,37.8,0,none,14.03,10,1,0,pip
1790612398546,1790613223766,2026-09-28T18:33:43.766,73.0,37.8,0,none,14.14,10,1,0,pip
1790612398546,1790613238767,2026-09-28T18:33:58.767,72.0,38.0,0,none,14.29,10,1,0,pip
1790612398546,1790613253766,2026-09-28T18:34:13.766,72.0,38.0,0,none,14.01,10,1,0,pip
1790612398546,1790613268767,2026-09-28T18:34:28.767,72.0,38.0,0,none,14.34,10,1,0,pip
1790612398546,1790613283765,2026-09-28T18:34:43.765,72.0,38.0,0,none,14.22,10,1,0,pip
1790612398546,1790613298765,2026-09-28T18:34:58.765,72.0,38.0,0,none,13.24,10,1,0,pip
1790612398546,1790613313765,2026-09-28T18:35:13.765,72.0,38.0,0,none,12.08,10,1,0,pip
1790612398546,1790613328766,2026-09-28T18:35:28.766,72.0,38.0,0,none,13.81,10,1,0,pip
1790612398546,1790613343765,2026-09-28T18:35:43.765,72.0,38.0,0,none,14.07,10,1,0,pip
1790612398546,1790613358766,2026-09-28T18:35:58.766,72.0,38.0,0,none,13.94,10,1,0,pip
1790612398546,1790613373764,2026-09-28T18:36:13.764,72.0,38.0,0,none,13.97,10,1,0,pip
1790612398546,1790613388764,2026-09-28T18:36:28.764,72.0,38.0,0,none,14.19,10,1,0,pip
1790612398546,1790613403766,2026-09-28T18:36:43.766,72.0,38.0,0,none,13.79,10,1,0,pip
1790612398546,1790613418771,2026-09-28T18:36:58.771,72.0,38.0,0,none,13.60,10,1,0,pip
1790612398546,1790613433765,2026-09-28T18:37:13.765,72.0,38.0,0,none,13.71,10,1,0,pip
1790612398546,1790613448765,2026-09-28T18:37:28.765,72.0,38.0,0,none,13.89,10,1,0,pip
1790612398546,1790613463769,2026-09-28T18:37:43.769,72.0,38.0,0,none,14.07,10,1,0,pip
1790612398546,1790613478770,2026-09-28T18:37:58.770,72.0,38.0,0,none,14.16,10,1,0,pip
1790612398546,1790613493767,2026-09-28T18:38:13.767,72.0,38.0,0,none,14.28,10,1,0,pip
1790612398546,1790613508776,2026-09-28T18:38:28.776,71.0,37.8,0,none,13.87,10,1,0,pip
1790612398546,1790613523777,2026-09-28T18:38:43.777,71.0,37.8,0,none,13.82,10,1,0,pip
1790612398546,1790613538764,2026-09-28T18:38:58.764,71.0,37.8,0,none,14.16,10,1,0,pip
1790612398546,1790613553764,2026-09-28T18:39:13.764,71.0,37.8,0,none,13.43,10,1,0,pip
1790612398546,1790613568768,2026-09-28T18:39:28.768,71.0,37.8,0,none,13.83,10,1,0,pip
1790612398546,1790613583765,2026-09-28T18:39:43.765,71.0,37.8,0,none,14.24,10,1,0,pip
1790612398546,1790613598764,2026-09-28T18:39:58.764,71.0,37.8,0,none,13.81,10,1,0,pip
1790612398546,1790613613767,2026-09-28T18:40:13.767,71.0,37.8,0,none,14.28,10,1,0,pip
1790612398546,1790613628766,2026-09-28T18:40:28.766,71.0,37.8,0,none,13.88,10,1,0,pip
1790612398546,1790613643765,2026-09-28T18:40:43.765,71.0,37.8,0,none,14.10,10,1,0,pip
1790612398546,1790613658764,2026-09-28T18:40:58.764,71.0,37.8,0,none,12.58,10,1,0,pip
1790612398546,1790613673771,2026-09-28T18:41:13.771,71.0,37.8,0,none,13.88,10,1,0,pip
1790612398546,1790613688768,2026-09-28T18:41:28.768,71.0,37.8,0,none,14.20,10,1,0,pip
1790612398546,1790613703765,2026-09-28T18:41:43.765,71.0,37.8,0,none,13.80,10,1,0,pip
1790612398546,1790613718766,2026-09-28T18:41:58.766,71.0,37.8,0,none,13.13,10,1,0,pip
1790612398546,1790613733767,2026-09-28T18:42:13.767,71.0,37.8,0,none,14.01,10,1,0,pip
1790612398546,1790613748766,2026-09-28T18:42:28.766,70.0,37.9,0,none,13.78,10,1,0,pip
1790612398546,1790613763765,2026-09-28T18:42:43.765,70.0,37.9,0,none,13.73,10,1,0,pip
1790612398546,1790613778768,2026-09-28T18:42:58.768,70.0,37.9,0,none,14.08,10,1,0,pip
1790612398546,1790613793769,2026-09-28T18:43:13.769,70.0,37.9,0,none,14.13,10,1,0,pip
1790612398546,1790613808766,2026-09-28T18:43:28.766,70.0,37.9,0,none,14.04,10,1,0,pip
1790612398546,1790613823765,2026-09-28T18:43:43.765,70.0,37.9,0,none,13.91,10,1,0,pip
1790612398546,1790613838771,2026-09-28T18:43:58.771,70.0,37.9,0,none,13.53,10,1,0,pip
1790612398546,1790613853770,2026-09-28T18:44:13.770,70.0,37.9,0,none,14.09,10,1,0,pip
1790612398546,1790613868765,2026-09-28T18:44:28.765,70.0,37.9,0,none,13.96,10,1,0,pip
1790612398546,1790613883764,2026-09-28T18:44:43.764,70.0,37.9,0,none,13.87,10,1,0,pip
1790612398546,1790613898770,2026-09-28T18:44:58.770,70.0,37.9,0,none,11.58,10,1,0,pip
1790612398546,1790613913766,2026-09-28T18:45:13.766,70.0,37.9,0,none,13.85,10,1,0,pip
1790612398546,1790613928764,2026-09-28T18:45:28.764,70.0,37.9,0,none,14.04,10,1,0,pip
1790612398546,1790613943768,2026-09-28T18:45:43.768,70.0,37.9,0,none,13.86,10,1,0,pip
1790612398546,1790613958774,2026-09-28T18:45:58.774,70.0,37.9,0,none,13.90,10,1,0,pip
1790612398546,1790613973765,2026-09-28T18:46:13.765,70.0,37.9,0,none,14.14,10,1,0,pip
1790612398546,1790613988767,2026-09-28T18:46:28.767,70.0,37.9,0,none,14.41,10,1,0,pip
1790612398546,1790614003773,2026-09-28T18:46:43.773,70.0,37.9,0,none,14.24,10,1,0,pip
1790612398546,1790614018765,2026-09-28T18:46:58.765,69.0,37.4,0,none,13.79,10,1,0,pip
1790612398546,1790614033765,2026-09-28T18:47:13.765,69.0,37.4,0,none,13.91,10,1,0,pip
1790612398546,1790614048766,2026-09-28T18:47:28.766,69.0,37.4,0,none,14.07,10,1,0,pip
1790612398546,1790614063767,2026-09-28T18:47:43.767,69.0,37.4,0,none,10.66,10,1,0,pip
1790612398546,1790614078768,2026-09-28T18:47:58.768,69.0,37.4,0,none,13.23,10,1,0,pip
1790612398546,1790614093765,2026-09-28T18:48:13.765,69.0,37.4,0,none,14.10,10,1,0,pip
1790612398546,1790614108764,2026-09-28T18:48:28.764,69.0,37.4,0,none,13.32,10,1,0,pip
1790612398546,1790614123764,2026-09-28T18:48:43.764,69.0,37.4,0,none,13.71,10,1,0,pip
1790612398546,1790614138773,2026-09-28T18:48:58.773,69.0,37.4,0,none,13.33,10,1,0,pip
1790612398546,1790614153764,2026-09-28T18:49:13.764,69.0,37.4,0,none,13.69,10,1,0,pip
1790612398546,1790614168764,2026-09-28T18:49:28.764,69.0,37.4,0,none,13.05,10,1,0,pip
1790612398546,1790614183764,2026-09-28T18:49:43.764,69.0,37.4,0,none,13.71,10,1,0,pip
1790612398546,1790614198769,2026-09-28T18:49:58.769,69.0,37.4,0,none,12.35,10,1,0,pip
1790612398546,1790614213765,2026-09-28T18:50:13.765,69.0,37.4,0,none,13.72,10,1,0,pip
1790612398546,1790614228766,2026-09-28T18:50:28.766,68.0,37.9,0,none,13.32,10,1,0,pip
1790612398546,1790614243765,2026-09-28T18:50:43.765,68.0,37.9,0,none,13.48,10,1,0,pip
1790612398546,1790614258765,2026-09-28T18:50:58.765,68.0,37.9,0,none,14.13,10,1,0,pip
1790612398546,1790614273768,2026-09-28T18:51:13.768,68.0,37.9,0,none,13.95,10,1,0,pip
1790612398546,1790614288765,2026-09-28T18:51:28.765,68.0,37.9,0,none,14.06,10,1,0,pip
1790612398546,1790614303765,2026-09-28T18:51:43.765,68.0,37.9,0,none,13.88,10,1,0,pip
1790612398546,1790614318766,2026-09-28T18:51:58.766,68.0,37.9,0,none,13.61,10,1,0,pip
1790612398546,1790614333769,2026-09-28T18:52:13.769,68.0,37.9,0,none,14.24,10,1,0,pip
1790612398546,1790614348766,2026-09-28T18:52:28.766,68.0,37.9,0,none,14.13,10,1,0,pip
1790612398546,1790614363764,2026-09-28T18:52:43.764,68.0,37.9,0,none,14.36,10,1,0,pip
1790612398546,1790614378765,2026-09-28T18:52:58.765,68.0,37.9,0,none,13.02,10,1,0,pip
1790612398546,1790614393765,2026-09-28T18:53:13.765,68.0,37.9,0,none,12.63,10,1,0,pip
1790612398546,1790614408765,2026-09-28T18:53:28.765,68.0,37.9,0,none,13.32,10,1,0,pip
1790612398546,1790614423766,2026-09-28T18:53:43.766,68.0,37.9,0,none,16.04,10,1,0,pip
1790612398546,1790614438769,2026-09-28T18:53:58.769,68.0,37.9,0,none,16.32,10,1,0,pip
1790612398546,1790614453768,2026-09-28T18:54:13.768,68.0,37.9,0,none,15.77,10,1,0,pip
1790612398546,1790614468765,2026-09-28T18:54:28.765,68.0,37.9,0,none,16.62,10,1,0,pip
1790612398546,1790614483772,2026-09-28T18:54:43.772,68.0,37.9,0,none,16.31,10,1,0,pip
1790612398546,1790614498767,2026-09-28T18:54:58.767,67.0,37.7,0,none,16.85,10,1,0,pip
1790612398546,1790614513764,2026-09-28T18:55:13.764,67.0,37.7,0,none,16.54,10,1,0,pip
1790612398546,1790614528765,2026-09-28T18:55:28.765,67.0,37.7,0,none,14.95,10,1,0,pip
1790612398546,1790614543768,2026-09-28T18:55:43.768,67.0,37.7,0,none,16.11,10,1,0,pip
1790612398546,1790614558770,2026-09-28T18:55:58.770,67.0,37.7,0,none,16.39,10,1,0,pip
1790612398546,1790614573764,2026-09-28T18:56:13.764,67.0,37.7,0,none,16.70,10,1,0,pip
1790612398546,1790614588768,2026-09-28T18:56:28.768,67.0,37.7,0,none,16.47,10,1,0,pip
1790612398546,1790614603769,2026-09-28T18:56:43.769,67.0,37.7,0,none,16.66,10,1,0,pip
1790612398546,1790614618764,2026-09-28T18:56:58.764,67.0,37.7,0,none,16.74,10,1,0,pip
1790612398546,1790614633764,2026-09-28T18:57:13.764,67.0,37.7,0,none,16.51,10,1,0,pip
1790612398546,1790614648768,2026-09-28T18:57:28.768,67.0,37.7,0,none,16.48,10,1,0,pip
1790612398546,1790614663765,2026-09-28T18:57:43.765,67.0,37.7,0,none,16.40,10,1,0,pip
1790612398546,1790614678765,2026-09-28T18:57:58.765,67.0,37.7,0,none,16.69,10,1,0,pip
1790612398546,1790614693768,2026-09-28T18:58:13.768,67.0,37.7,0,none,16.50,10,1,0,pip
1790612398546,1790614708768,2026-09-28T18:58:28.768,67.0,37.7,0,none,16.16,10,1,0,pip
1790612398546,1790614723766,2026-09-28T18:58:43.766,67.0,37.7,0,none,16.69,10,1,0,pip
1790612398546,1790614738766,2026-09-28T18:58:58.766,67.0,37.7,0,none,16.64,10,1,0,pip
1790612398546,1790614753774,2026-09-28T18:59:13.774,67.0,37.7,0,none,16.66,10,1,0,pip
1790612398546,1790614768767,2026-09-28T18:59:28.767,67.0,37.7,0,none,16.70,10,1,0,pip
1790612398546,1790614783771,2026-09-28T18:59:43.771,67.0,37.7,0,none,16.22,10,1,0,pip
1790612398546,1790614798769,2026-09-28T18:59:58.769,66.0,37.9,0,none,16.82,10,1,0,pip
1790612398546,1790614813766,2026-09-28T19:00:13.766,66.0,37.9,0,none,16.73,10,1,0,pip
1790612398546,1790614828767,2026-09-28T19:00:28.767,66.0,37.9,0,none,16.43,10,1,0,pip
1790612398546,1790614843766,2026-09-28T19:00:43.766,66.0,37.9,0,none,16.67,10,1,0,pip
1790612398546,1790614858768,2026-09-28T19:00:58.768,66.0,37.9,0,none,16.83,10,1,0,pip
1790612398546,1790614873765,2026-09-28T19:01:13.765,66.0,37.9,0,none,16.16,10,1,0,pip
1790612398546,1790614888765,2026-09-28T19:01:28.765,66.0,37.9,0,none,16.97,10,1,0,pip
1790612398546,1790614903765,2026-09-28T19:01:43.765,66.0,37.9,0,none,16.63,10,1,0,pip
1790612398546,1790614918765,2026-09-28T19:01:58.765,66.0,37.9,0,none,16.66,10,1,0,pip
1790612398546,1790614933765,2026-09-28T19:02:13.765,66.0,37.9,0,none,16.77,10,1,0,pip
1790612398546,1790614948765,2026-09-28T19:02:28.765,66.0,37.9,0,none,16.74,10,1,0,pip
1790612398546,1790614963767,2026-09-28T19:02:43.767,66.0,37.9,0,none,16.92,10,1,0,pip
1790612398546,1790614978768,2026-09-28T19:02:58.768,66.0,37.9,0,none,16.26,10,1,0,pip
1790612398546,1790614993766,2026-09-28T19:03:13.766,66.0,37.9,0,none,16.70,10,1,0,pip
1790612398546,1790615008766,2026-09-28T19:03:28.766,66.0,37.9,0,none,16.75,10,1,0,pip
1790612398546,1790615023770,2026-09-28T19:03:43.770,66.0,37.9,0,none,16.26,10,1,0,pip
1790612398546,1790615038767,2026-09-28T19:03:58.767,66.0,37.9,0,none,16.72,10,1,0,pip
1790612398546,1790615053768,2026-09-28T19:04:13.768,66.0,37.9,0,none,14.81,10,1,0,pip
1790612398546,1790615068768,2026-09-28T19:04:28.768,66.0,37.9,0,none,16.57,10,1,0,pip
1790612398546,1790615083771,2026-09-28T19:04:43.771,66.0,37.9,0,none,16.62,10,1,0,pip
1790612398546,1790615098765,2026-09-28T19:04:58.765,66.0,37.9,0,none,14.02,10,1,0,pip
1790612398546,1790615113764,2026-09-28T19:05:13.764,65.0,38.4,0,none,16.07,10,1,0,pip
1790612398546,1790615128772,2026-09-28T19:05:28.772,65.0,38.4,0,none,16.33,10,1,0,pip
1790612398546,1790615143774,2026-09-28T19:05:43.774,65.0,38.4,0,none,16.80,10,1,0,pip
1790612398546,1790615158766,2026-09-28T19:05:58.766,65.0,38.4,0,none,16.54,10,1,0,pip
1790612398546,1790615173765,2026-09-28T19:06:13.765,65.0,38.4,0,none,16.49,10,1,0,pip
1790612398546,1790615188770,2026-09-28T19:06:28.770,65.0,38.4,0,none,16.53,10,1,0,pip
1790612398546,1790615203772,2026-09-28T19:06:43.772,65.0,38.4,0,none,14.55,10,1,0,pip
1790612398546,1790615218768,2026-09-28T19:06:58.768,65.0,38.4,0,none,16.54,10,1,0,pip
1790612398546,1790615233765,2026-09-28T19:07:13.765,65.0,38.4,0,none,16.26,10,1,0,pip
1790612398546,1790615248764,2026-09-28T19:07:28.764,65.0,38.4,0,none,16.26,10,1,0,pip
1790612398546,1790615263768,2026-09-28T19:07:43.768,65.0,38.4,0,none,16.92,10,1,0,pip
1790612398546,1790615278765,2026-09-28T19:07:58.765,65.0,38.4,0,none,16.92,10,1,0,pip
1790612398546,1790615293765,2026-09-28T19:08:13.765,65.0,38.4,0,none,16.86,10,1,0,pip
1790612398546,1790615308765,2026-09-28T19:08:28.765,65.0,38.4,0,none,16.61,10,1,0,pip
1790612398546,1790615323768,2026-09-28T19:08:43.768,65.0,38.4,0,none,16.96,10,1,0,pip
1790612398546,1790615338772,2026-09-28T19:08:58.772,65.0,38.4,0,none,16.90,10,1,0,pip
1790612398546,1790615353765,2026-09-28T19:09:13.765,65.0,38.4,0,none,16.73,10,1,0,pip
1790612398546,1790615368766,2026-09-28T19:09:28.766,65.0,38.4,0,none,16.31,10,1,0,pip
1790612398546,1790615383771,2026-09-28T19:09:43.771,65.0,38.4,0,none,16.44,10,1,0,pip
1790612398546,1790615398763,2026-09-28T19:09:58.763,65.0,38.4,0,none,16.47,10,1,0,pip
1790612398546,1790615413770,2026-09-28T19:10:13.770,64.0,38.5,0,none,15.33,10,1,0,pip
1790612398546,1790615428765,2026-09-28T19:10:28.765,64.0,38.5,0,none,17.16,10,1,0,pip
1790612398546,1790615443765,2026-09-28T19:10:43.765,64.0,38.5,0,none,17.22,10,1,0,pip
1790612398546,1790615458765,2026-09-28T19:10:58.765,64.0,38.5,0,none,17.16,10,1,0,pip
1790612398546,1790615473765,2026-09-28T19:11:13.765,64.0,38.5,0,none,16.99,10,1,0,pip
1790612398546,1790615488764,2026-09-28T19:11:28.764,64.0,38.5,0,none,17.26,10,1,0,pip
1790612398546,1790615503771,2026-09-28T19:11:43.771,64.0,38.5,0,none,17.19,10,1,0,pip
1790612398546,1790615518770,2026-09-28T19:11:58.770,64.0,38.5,0,none,17.23,10,1,0,pip
1790612398546,1790615533767,2026-09-28T19:12:13.767,64.0,38.5,0,none,17.19,10,1,0,pip
1790612398546,1790615548768,2026-09-28T19:12:28.768,64.0,38.5,0,none,16.90,10,1,0,pip
1790612398546,1790615563764,2026-09-28T19:12:43.764,64.0,38.5,0,none,17.14,10,1,0,pip
1790612398546,1790615578764,2026-09-28T19:12:58.764,64.0,38.5,0,none,17.04,10,1,0,pip
1790612398546,1790615593768,2026-09-28T19:13:13.768,64.0,38.5,0,none,16.56,10,1,0,pip
1790612398546,1790615608769,2026-09-28T19:13:28.769,64.0,38.5,0,none,16.93,10,1,0,pip
1790612398546,1790615623765,2026-09-28T19:13:43.765,64.0,38.5,0,none,16.77,10,1,0,pip
1790612398546,1790615638765,2026-09-28T19:13:58.765,64.0,38.5,0,none,16.13,10,1,0,pip
1790612398546,1790615653766,2026-09-28T19:14:13.766,64.0,38.5,0,none,16.63,10,1,0,pip
1790612398546,1790615668765,2026-09-28T19:14:28.765,64.0,38.5,0,none,16.89,10,1,0,pip
1790612398546,1790615683766,2026-09-28T19:14:43.766,64.0,38.5,0,none,16.49,10,1,0,pip
1790612398546,1790615698765,2026-09-28T19:14:58.765,64.0,38.5,0,none,16.84,10,1,0,pip
1790612398546,1790615713769,2026-09-28T19:15:13.769,64.0,38.5,0,none,16.82,10,1,0,pip
1790612398546,1790615728770,2026-09-28T19:15:28.770,64.0,38.5,0,none,16.64,10,1,0,pip
1790612398546,1790615743770,2026-09-28T19:15:43.770,63.0,38.7,0,none,16.87,10,1,0,pip
1790612398546,1790615758764,2026-09-28T19:15:58.764,63.0,38.7,0,none,16.77,10,1,0,pip
1790612398546,1790615773766,2026-09-28T19:16:13.766,63.0,38.7,0,none,16.90,10,1,0,pip
1790612398546,1790615788764,2026-09-28T19:16:28.764,63.0,38.7,0,none,16.53,10,1,0,pip
1790612398546,1790615803766,2026-09-28T19:16:43.766,63.0,38.7,0,none,17.00,10,1,0,pip
1790612398546,1790615818768,2026-09-28T19:16:58.768,63.0,38.7,0,none,16.86,10,1,0,pip
1790612398546,1790615833765,2026-09-28T19:17:13.765,63.0,38.7,0,none,16.94,10,1,0,pip
1790612398546,1790615848768,2026-09-28T19:17:28.768,63.0,38.7,0,none,16.92,10,1,0,pip
1790612398546,1790615863765,2026-09-28T19:17:43.765,63.0,38.7,0,none,17.07,10,1,0,pip
1790612398546,1790615878767,2026-09-28T19:17:58.767,63.0,38.7,0,none,16.20,10,1,0,pip
1790612398546,1790615893766,2026-09-28T19:18:13.766,63.0,38.7,0,none,15.25,10,1,0,pip
1790612398546,1790615908765,2026-09-28T19:18:28.765,63.0,38.7,0,none,17.08,10,1,0,pip
1790612398546,1790615923768,2026-09-28T19:18:43.768,63.0,38.7,0,none,17.02,10,1,0,pip
1790612398546,1790615938767,2026-09-28T19:18:58.767,63.0,38.7,0,none,17.06,10,1,0,pip
1790612398546,1790615953767,2026-09-28T19:19:13.767,63.0,38.7,0,none,17.23,10,1,0,pip
1790612398546,1790615968769,2026-09-28T19:19:28.769,63.0,38.7,0,none,16.42,10,1,0,pip
1790612398546,1790615983766,2026-09-28T19:19:43.766,63.0,38.7,0,none,16.50,10,1,0,pip
1790612398546,1790615998764,2026-09-28T19:19:58.764,63.0,38.7,0,none,17.07,10,1,0,pip
1790612398546,1790616013769,2026-09-28T19:20:13.769,63.0,38.7,0,none,17.00,10,1,0,pip
1790612398546,1790616028766,2026-09-28T19:20:28.766,63.0,38.7,0,none,17.09,10,1,0,pip
1790612398546,1790616043767,2026-09-28T19:20:43.767,62.0,38.9,0,none,17.39,10,1,0,pip
1790612398546,1790616058766,2026-09-28T19:20:58.766,62.0,38.9,0,none,17.19,10,1,0,pip
1790612398546,1790616073765,2026-09-28T19:21:13.765,62.0,38.9,0,none,17.17,10,1,0,pip
1790612398546,1790616085469,2026-09-28T19:21:25.469,62.0,38.9,0,none,15.37,10,1,0,foreground
